01/02/2023;02 de Enero ;Publicación de resultados del Programa del Diploma del Bachillerato Internacional (PDBI) 2022;
01/23/2023;23 de enero ;Entrega del Plan Regional para la promoción de la Ley N°10080 y el reglamento  Decreto Ejecutivo N°38808 - MEP población estudinatil con alto potencial alta dotación y talentos ;http://www.pgrweb.go.cr/scij/Busqueda/Normativa/Normas/nrm_texto_completo.aspx?param1=NRTC&param2=1&nValor1=1&nValor2=96035&nValor3=128345&strTipM=TC&lResultado=2&nValor4=1&strSelect=sel  
01/30/2023;Del 30 enero al 10 febrero;Ratificación del equipo de la PERMANENCIA en el centro educativo y, calendarización de reuniones.;https://www.mep.go.cr/unidad-permanencia 
02/01/2023;Del 01 de Febrero al 31 de marzo ;Inscripción Olimpiada Costarricense de Química (OLCOQUIM);
02/06/2023;Del 06 al 10 febrero;Semana de adaptación e integración para estudiantes y comunidad educativa;https://www.mep.go.cr/unidad-permanencia
02/06/2023;Del 06 al 10 febrero;Ratificación del equipo de PERMANENCIA en Direcciones Regionales de Educación y calendarización de reuniones.;https://www.mep.go.cr/unidad-permanencia 
02/06/2023;Del 06 al 17 febrero ;Proceso de inducción dirigida a la cohesión e inclusión de la  población estudiantil por parte del profesor/a guía o maestra/o de grado y otros actores educativos en coordinación con la persona profesional en Orientación del centro educativo;"https://www.mep.go.cr/sites/default/files/labor-como-docente-guia-docente-grado.pdf 
02/06/2023;Del 06 febrero al 24 marzo ;Orientación Educativa y Vocacional. Fase de asesoramiento a profesores guías en secundaria y docentes de grupo en preescolar y primaria por parte de la persona profesional en Orientación;"https://www.mep.go.cr/sites/default/files/labor-como-docente-guia-docente-grado.pdf
02/06/2023;Del 06 de febrero al 31 de marzo  ;Desarrollo de los aprendizajes esperados según la distribución establecida y valoración del desarrollo de los niños y niñas de Educación Preescolar. ;
02/13/2023;Del 13 al 17 de febrero;Inicio del Proceso Político Electoral Estudiantil: Elección de las Directivas de Sección.;participacion.estudiantil@mep.go.cr
02/13/2023;Del 13 de febrero al 3 de marzo ;Asesoramientos virtuales: Reglamento del Festival Estudiantil de las Artes;
02/13/2023;Del 13 de febrero al 31 de marzo ;Inscripción Olimpiada Costarricense de Ciencias OLCOCI 2023;
02/20/2023;Del 20 al 24 de febrero;Designación de Integrantes del Equipo de Servicio Comunal Estudiantil;participacion.estudiantil@mep.go.cr
02/21/2023;21 de febrero ;La Batalla de Coto: Conmemoración de los Caídos de la Batalla de Coto de 1921 (Decreto N° 9613).;https://bit.ly/3yoiaTf 
02/27/2023;Del 27 de febrero al 03 de marzo;Proceso Político Electoral Estudiantil. Integración de la Asamblea de Representantes de cada centro educativo.;participacion.estudiantil@mep.go.cr
02/27/2023;Del 27 febrero al 17 marzo;Inicio del proceso de asesoramiento a los equipos regionales y equipos institucionales de los CE priorizados de permanencia estudiantil ;https://www.mep.go.cr/unidad-permanencia 
02/27/2023;Del 27 de febrero al 31 de marzo;Aprobación de los temas y proyectos de aprendizaje en Servicio por parte del Equipo de Servicio Comunal Estudiantil;participacion.estudiantil@mep.go.cr
02/27/2023;Del 27 de febrero al 19 de mayo ;Inicio programa Érase una vez territorio;Erase una vez | Ministerio de Educación Pública (mep.go.cr)
02/28/2023;28 de febrero;Inicio del Proyecto de los Juegos Virtuales Estudiantiles y del Programa Juegos Deportivos Estudiantiles. ;https://juegosdeportivosestudiantiles.com/
03/01/2023;Del 01 al 30 de marzo ;Inscripción XVI Olimpiada Costarricense de Ciencias Biológicas 2023;
03/01/2023;Del 01 marzo al 26 mayo ;Definición de los mapas de ruta correspondientes a la Estrategia Nacional de Educación STEAM por parte de los centros educativos. ;
03/01/2023;Del 01 de marzo al 31 mayo ;Aplicación de instrumentos de investigación para la prospección de la modalidad dual en la Educación Técnica Profesional.;
03/08/2023;08 de marzo;Día Nacional de la Servidora de Comedores Escolares (Decreto Ejecutivo N°27063);
03/13/2023;Del 13 al 17 de marzo;Proceso Político Electoral Estudiantil. Nombramiento e inicio de funciones del Tribunal Electoral Estudiantil.;participacion.estudiantil@mep.go.cr
03/13/2023;Del 13 al 17 de marzo;Conformación del grupo de Convivencia en los centros educativos;
03/13/2023;Del 13 al 24 de marzo ;Taller para la presentación del proyecto de  Emprendimiento Cooperativo dirigido a escuelas con cooperativa escolar.;
03/17/2023;17 de marzo ;Entrega Formulario Vinculación con la Empresa y la Comunidad 1 (FVEC-1)  por parte de los centros educativos que imparten educación técnica profesional. ;
03/17/2023;17 de marzo ;Colegios técnicos profesionales  entregan en formato digital   plan anual de trabajo de las unidades didácticas, didácticas productivas y productivas. ;
03/17/2023;17 de marzo ;Entrega de la fórmula OR-1 desde las Asesorías Regionales de Orientación al Departamento de Orientación Educativa y Vocacional ;
03/20/2023;20 de marzo ;Batalla de Santa Rosa: Enfrentamiento bélico en 1856 en la Hacienda Santa Rosa, Guanacaste y tuvo como resultado la expulsión del ejército filibustero comandado por William Walker del territorio costarricense. (Decreto Nº 32609).;
03/20/2023;Del 20 al 24 marzo ;Taller  virtual dirigido a docentes técnicos de colegios técnicos profesionales  sobre la metodología  para el desarrollo de emprendimiento Junior Achievement-Ministerio de Educación Pública ( JA-MEP).;
3/20/2023;Del 20 al 24 de marzo;Inducción a centros educativos que ingresan a la Estrategia Nacional de Educación STEAM.;
03/21/2023;Del 21 de marzo al 30 de noviembre ;Temporada de encuentros y diálogos estudiantiles: Espacios con representantes y líderes estudiantiles para la promoción de habilidades para mejorar la participación en los centros educativos.;participacion.estudiantil@mep.go.cr
03/24/2023;24 de marzo ;Celebración en centros educativos del día Nacional del Deporte Según la Ley número 4430, la cual señala que el último domingo del mes de marzo se celebraría el Día del Deporte en Costa Rica. Para efectos del Ministerio de Educación Pública se debe celebrar el viernes 24 de marzo del 2023. ;
03/26/2023;26 de marzo ;Día Nacional del Deporte. Se busca potenciar el aprecio hacia el deporte, como herramienta para enseñar valores, mejorar la salud y promover la sana competencia. (Ley N°4430);
03/27/2023;Del 27 al 31 de marzo ;Lineamientos de las ferias estudiantiles de Educación Técnica (Expojovem, Expoingeniería, Lideres Estudiantiles);
03/27/2023;Del 27 al 31 de marzo ;Taller virtual para la entrega de lineamientos para la gestión administrativa de las cooperativas escolares a docentes con recargo y/o lecciones de cooperativismo.;
03/27/2023;Del 27 al 31 de marzo ;I Asamblea  del  Consejo Regional de Vinculación con la Empresa y la Comunidad (CORVEC);
03/27/2023;Del 27 marzo al 28 de julio ;Orientación Educativa y Vocacional. Fase de acompañamiento técnico a la labor del docente guía y  docentes de grupo en preescolar y primaria;"https://www.mep.go.cr/sites/default/files/labor-como-docente-guia-docente-grado.pdf
03/31/2023;31 de marzo ;Entrega Formulario Vinculación con la Empresa y la Comunidad  FVEC-2 y   por parte de los centros educativos que imparten educación técnica profesional;
03/31/2023;31 de marzo ;Entrega Formulario  Vinculación con la Empresa y la Comunidad FVEC-3  por parte de los centros educativos que imparten educación técnica profesional. ;
04/08/2023;Del 08 al 12 de abril ;Semana Nacional de la Salud;
04/10/2023;10 de abril ;Batalla de Sardinal. Conflicto armado acontecido el 10 de abril de 1856 en el pueblo de Sardinal, en Sarapiquí, Costa Rica. Fue la segunda batalla de la Campaña Nacional de 1856-1857 que enfrentó al Ejército de Costa Rica contra los filibusteros de William Walker, luego de la Batalla de Santa Rosa, el 20 de marzo de 1856 en Guanacaste. (Decreto Ejecutivo N° 38322-MEP).;https://bit.ly/3ea6nAU 
04/10/2023;10 de abril ;Día de la Identidad en Sarapiquí. Acciones afirmativas para el rescate de la Identidad regional: Decreto Ejecutivo Nº 42707-MCJ-MEP;https://bit.ly/3ea6nAU
04/10/2023;10 de abril;Proceso Político Electoral Estudiantil. Inicio de la organización e inscripción de Partidos Políticos Estudiantiles.;participacion.estudiantil@mep.go.cr
04/10/2023;Del 10 al 14 de abril;Inducción a la Comunidad Educativa sobre el proceso de Servicio Comunal Estudiantil;participacion.estudiantil@mep.go.cr
04/10/2023;10 al 21 abril 2023;Proceso de análisis de los resultados de la aplicación del Censo Inicial por parte de la UPRE;https://www.mep.go.cr/unidad-permanencia 
04/11/2023;11 de abril ;Batalla de Rivas y del Acto Heroico de Juan Santamaría: Se realiza en 1856, fue el primer paso estaba dado, pero la guerra no había terminado. Bajo las órdenes de los generales José María Cañas y José Joaquín Mora, los patrióticos soldados se internan en territorio nicaragüense con objetivo de expulsar a los filibusteros de Centroamérica. (Decreto. Nº 32609).;https://bit.ly/3RByKWs 
04/13/2023;13 de abril ; Lanzamiento del Concurso Nacional Mi Cuento Fantástico 2023;https://micuentofantastico.cr/ 
04/14/2023;14 de abril ;Entrega Formulario Vinculación con la Empresa y la Comunidad 5 (FVEC-5)  por parte de los centros educativos que imparten educación técnica profesional. ;
04/14/2023;14 de abril ;Fecha límite para recibir solicitudes de oferta educativa de los Colegios Técnicos,Instituto de Educación Comunitaria( IPEC ) y Centros Integrados de Educación de Adultos (CINDEA) que imparten especialidades técnicas.;
04/17/2023;Del 17 al 21 de abril  ;Semana Nacional del Cooperativismo (Decreto N°17502-P-T).;https://bit.ly/3ElsqPI
04/17/2023;Del 17 al 28 de abril;Servicio Comunal Estudiantil. Los y las estudiantes se inscriben, seleccionan o formulan proyectos de acuerdo a sus necesidades e intereses.;participacion.estudiantil@mep.go.cr
04/17/2023;Del 17 de abril al 29 setiembre ;Encuentros Vocacionales Regionales liderados por el Servicio Nacional de Orientación;
04/17/2023;Del 17 de abril al 30 de noviembre ;Inicio del programa Ruta de museos;Ruta de Museos | Ministerio de Educación Pública (mep.go.cr)
04/21/2023;21 de abril  ;Día Mundial de la Creatividad y la Innovación: celebración que permite promover el pensamiento creativo multidisciplinar (Decreto Ejecutivo N°41984-MEP).;http://www.pgrweb.go.cr/scij/Busqueda/Normativa/Normas/nrm_texto_completo.aspx?param1=NRTC&nValor1=1&nValor2=90192&nValor3=118685&strTipM=TC 
04/21/2023;21 de abril;Encuentro virtual Academy Day  dirigido a docentes técnicos de la especialidad de informática. ;Proceso de formación docente para mejorar su desempeño profesional
4/22/2023;Del 22 al 26 de abril;Semana de Vacunación en las Américas;
04/23/2023;23 de abril ;Día Nacional del Cooperativismo ;https://bit.ly/3ST7Qu6
04/23/2023;23 de abril ;Día Mundial del Libro y del Derecho de Autor  (Decreto N°32609).;
4/24/2023;Del 24 al 28 de abril ;Semana de Salud Ocupacional en Costa Rica;
4/24/2023;Del 24 al 28 de abril ;Semana de la Seguridad Social ;
04/24/2023;Del 24 de abril al 05 de mayo ;Periodo de inscripción a la IX Edición de la Olimpiada Costarricense de Matemática para Educación Primaria OLCOMEP, 2023.;
04/24/2023;Del 24 abril al 05 mayo;Segundo proceso de asesoramiento y acompañamiento a los equipos regionales y equipos institucionales de los CE priorizados de permanencia estudiantil posterior a semana santa y de acuerdo a los resultados del Censo Inicial ;https://www.mep.go.cr/unidad-permanencia 
04/25/2023;25 de abril;Foros Regionales de Educación Cooperativa.;Proceso de formación para mejorar el desempeño profesional
04/27/2023;27  de abril ;Encuentro virtual Girls in ICT day.;
04/28/2023;28 de abril;Proceso Político Electoral Estudiantil. Cierra el periodo de inscripción de Partidos Políticos Estudiantiles.;participacion.estudiantil@mep.go.cr
05/01/2023;01 de mayo ;Día Internacional de las Personas Trabajadoras;https://bit.ly/3yJSYXB 
05/01/2023;Del 01 al 05 de mayo;Semana  de la sensibilización contra el Bullying y ciberbullying;
05/02/2023;02 de mayo;Servicio Comunal Estudiantil. Inicia la ejecución de los proyectos;participacion.estudiantil@mep.go.cr
05/02/2023;Del 02 al 6 de mayo ;Proceso Político Electoral Estudiantil. El Tribunal Electoral Estudiantil exhibe el Padrón Electoral y publica el calendario de la Semana de Elecciones Estudiantiles.;participacion.estudiantil@mep.go.cr
05/02/2023;Del 02 al 12 de mayo;Inscripción para la etapa inicial presencial Festival Estudiantil de las Artes;
05/02/2023;Del 02 de mayo al 01 de diciembre;Ejecución del Festival Estudiantil de las Artes en la modalidad virtual;
05/04/2023;04 de mayo ;Inicia inscripción Concurso Nacional Mi Cuento Fantástico;https://micuentofantastico.cr/ 
05/07/2023;07 de mayo ;Día Nacional del Calipso Costarricense (Ley N°9612).;http://www.pgrweb.go.cr/scij/Busqueda/Normativa/Normas/nrm_texto_completo.aspx?param1=NRTC&param2=1&nValor1=1&nValor2=96963&nValor3=130218&strTipM=TC&lResultado=2&nValor4=1&strSelect=sel 
05/07/2023;Del 07 al 13 de mayo ;Semana Nacional de la Familia;http://www.pgrweb.go.cr/scij/Busqueda/Normativa/Normas/nrm_texto_completo.aspx?param1=NRTC&nValor1=1&nValor2=72162&nValor3=87903&strTipM=TC
05/08/2023;Del 08 al 12 de mayo;Proceso Político Electoral Estudiantil. Los Partidos Políticos presentan el plan de campaña política para su aprobación.;participacion.estudiantil@mep.go.cr
05/08/2023;Del 08 al 12 de mayo;Taller virtual  sobre  Modelos y Planes de Negocios dirigido  a docentes con  proyectos de emprendimiento . ;Proceso de formación docente para mejorar su desempeño profesional
05/08/2023;Del 08 al 19 mayo ;Análisis de los resultados de los dos primeros asesoramientos y acompañamientos a los equipo regionales y equipo institucionales de los CE priorizados de permanencia estudiantil.;https://www.mep.go.cr/unidad-permanencia 
05/15/2023;15 de mayo ;Inclusión de Adecuaciones PDBI;
05/15/2023;15 de mayo ;"Día de la Persona Agricultora: conmemoración a las personas que trabajan la tierra y proporcionan, el alimento; quienes desempeñan un papel muy importante para la alimentación, la economía y el progreso del país. (Ley N°4096).";https://bit.ly/3rEVU3H 
05/15/2023;15 de mayo;Proceso Político Electoral Estudiantil. El Tribunal Electoral Estudiantil presenta  los Partidos Políticos.;participacion.estudiantil@mep.go.cr
05/15/2023;Del 15 al 18 de mayo;Proceso Político Electoral Estudiantil. Los Partidos Políticos realizan la campaña política.;participacion.estudiantil@mep.go.cr
05/15/2023;Del 15 al 19  de mayo ;Semana Nacional de la Nutrición;https://bit.ly/3MbSK0B
05/15/2023;Del 15 al 26 de mayo;Taller  sobre emprendimiento escolar cooperativo.;Proceso de formación docente para mejorar su desempeño profesional. Duración no recomendada para metodología de taller.
05/15/2023;Del 15 mayo al 24 noviembre ;Proceso de transición y enlace entre ciclos y modalidades educativas liderado por la persona profesional en Orientación del centro educativo;
05/16/2023;16 de mayo;Examen Eliminatorio (virtual) XVI Olimpiada Costarricense de Ciencias Biológicas 2023;
05/18/2023;18 de mayo;Proceso Político Electoral Estudiantil. Realización del Debate Público.;participacion.estudiantil@mep.go.cr
05/19/2023;19 de mayo;Proceso Político Electoral Estudiantil. Día de las Elecciones Estudiantiles para la elección del Comité Ejecutivo.;
05/20/2023;20 de mayo;Día del y la Conserje de la Educación Pública: fecha para destacar la labor de las personas conserjes que constituyen un apoyo considerable en el proceso educativo, al ser responsables de mantener la limpieza y el orden en cada centro educativo. (Decreto 19587-MEP).;
05/22/2023;Del 22 al 26 de mayo ;Primera Orientación Inicial PDBI;
05/22/2023;Del 22 de mayo al 23 de junio;Ejecución etapa inicial presencial, Festival Estudiantil de las Artes;
05/22/2023;Del 22 mayo al 30 Junio;Planificación, coordinación y diseño de acciones y estrategias para la mitigación de los factores de riesgos detectados y asociados a la exclusión educativa de cara al segundo periodo lectivo. ;https://www.mep.go.cr/unidad-permanencia 
05/23/2023;23 de mayo;Proceso Político Electoral Estudiantil. Declaratoria oficial de las Elecciones.  Se anuncia por parte del TEE el Comité Ejecutivo electo.;
5/24/2023;Del 24 al 28 de mayo ;Semana campaña de educación y detección temprana del cáncer infantil;https://www.paho.org/es/temas/cancer-ninez-adolescencia
05/25/2023;25 de mayo;Día de la alfabetización preventiva en materia Penal Juvenil (Decreto Ejecutivo N°. 43014-MEP-MPJ-MNA);
05/26/2023;26 de mayo ;Eventos deportivos con personas con discapacidad  en Territorios indígenas ;
05/29/2023;29 de mayo ;Examen Final XVI Olimpiada Costarricense de Ciencias Biológicas 2023;www.olicocibi.una.ac.cr 
05/29/2023;Del 29 de mayo al 08 de diciembre;Inicio programa Érase una vez sala;Erase una vez | Ministerio de Educación Pública (mep.go.cr)
06/01/2023;1 de junio;Clasificaciones regionales Olimpiadas Especiales;
06/01/2023;Del 01 de junio al 31 de julio ;Ferias Institucionales de Ciencia y Tecnología;http://bitly.ws/v884 
06/01/2023;Del 01 de junio al 31 de octubre ;Concurso de lettering;
06/01/2023;Del 01 de Junio al 30 de noviembre ;Concurso Nacional de Pintura y dibujo Jimenez & Tanzi y Certamen Internacional Osaka Japón;Concursos | Ministerio de Educación Pública (mep.go.cr)
06/04/2022;Del 04 al 10 de junio ;Semana Nacional de Educación Religiosa;
06/05/2023;Del 05 al 09 junio ;Semana Nacional de la Salud Mental;https://www.who.int/es/news-room/fact-sheets/detail/mental-health-strengthening-our-response
06/05/2023;Del 05 al 09 de junio ;La Dirección de Educación Técnica y Capacidades Emprendedoras(DETCE) remite oficios de aprobación de  oferta educativa 2024 a colegios técnicos,Instituto de Educación Comunitaria (IPEC) y  Centros Integrados de Educación de Adultos(CINDEA) que imparten especialidades técnicas.;
06/05/2023;Del 05 al 09  de junio;Proceso Político Electoral Estudiantil. Ceremonia de Traspaso de Poderes del Comité Ejecutivo, a cargo de la Dirección del Centro Educativo;
06/07/2023;Del 07 al 09 de junio ;I Eliminatoria de Olimpiadas Costarricenses de Matemática, OLCOMA, (Secundaria);
06/12/2023;12 de junio ;Inauguración oficial de la XLIII Semana Nacional de Orientación;
06/12/2023;Del 12 al 16 junio ;Semana Nacional Ambiente en los Recursos Naturales;
06/12/2023;Del 12 al 16 de junio ;Festival Institucional de Inglés 2023;
06/12/2023;Del 12 al 16 junio ;XLIII Semana Nacional de Orientación;https://www.mep.go.cr/proyectos-programas/orientacion-vocacional
06/12/2023;Del 12 al 30 de junio;Proceso Político Electoral Estudiantil. Centros educativos completan formulario digital sobre resultados electorales;
06/15/2023;15 de junio;Día del Árbol: recordatorio de la importancia de proteger los bosques, por el beneficio que recibimos todos los seres vivos con los árboles. (Decreto. Nº 32609).;
06/15/2023;15 de junio;Día mundial de la toma de conciencia del abuso y maltrato a la vejez: celebración para reflexionar, identificar y oponerse ante los abusos y los sufrimientos infligidos a las personas adultas mayores.;
06/16/2023;16 de Junio ;Examen Eliminatorio OLCOQUIM (virtual);
06/18/2023;18 de junio;Día del Padre: festividad que se celebra en honor a los padres en Costa Rica.;
6/18/2023;Del 18 al 25 de junio ;Semana Nacional de Seguridad Vial Decreto Ejecutivo N° 18824 - MOPT, publicado en “La Gaceta” N° 37 del 21 de febrero de 1989. Inicio Tercer domingo de junio de cada año (toda la semana).;
06/19/2023;Del 19 al 23 de junio ;I Etapa clasificatoria de la IX Edición de la Olimpiada Costarricense de Matemática para Educación Primaria OLCOMEP- 2023.;https://recursos.mep.go.cr/olimpiadas_matematicas/ 
6/19/2023;Del 19 al 23 de junio ;Semana Nacional de la Salud Buco-Dental;https://bit.ly/3CnhUGi 
06/19/2023;Del 19 al 30 de junio ;Desarrollo del periodo de actividades de repaso y reforzamiento del I periodo, como parte del andamiaje de los aprendizajes y la continuidad educativa en el siguiente periodo lectivo.;
6/20/2023;" Del 20 al 24 de junio (26 de junio ""Día Internacional contra el Tráfico Ilícito y Abuso de Drogas""";Semana de prevención del fenómeno droga en los centros educativos. ;
06/23/2023;23 de junio ;Examen clasificatorio Olimpiada Costarricense de Ciencias OLCOCI 2023;
06/26/2023;26 de junio ;Entrega del primer informe del Plan Regional para la Promoción de la Ley N°10080 y  el reglamento  Decreto Ejecutivo N°38808 - MEP población estudinatil con alto potencial alta dotación y talentos ;
06/26/2023;Del 26 al 30 de junio ;Entrega Formulario de Vinculación con la Empresa y la Comunidad( FVEC-6)  por parte de los centros educativos que imparten educación técnica profesional. ;
06/26/2023; Del 26 al 30 de junio;Primer avance de implementación de la estrategia de Convivencia en los centros educativos.;
06/26/2023;Del 26 al 30 de junio;Inscripción etapa circuital presencial, Festival Estudiantil de las Artes;
06/30/2023;30 de junio ;Finaliza inscripción Concurso Nacional Mi Cuento Fantástico;https://micuentofantastico.cr/ 
07/01/2023;Todo el mes;Revisión y ajuste de las acciones incorporadas en los POA/PAT 2024 en las áreas de exclusión educativa, reincorporación, permanencia y éxito educativa. ;https://www.mep.go.cr/unidad-permanencia 
07/03/2023;Del 03 al 21 julio;Campaña de comunicación para motivar el regreso al proceso educativo despúés de vacaciones y con énfasis en las modalidades de personas jóvenes y adultas para la reincorporación educativa. ;https://www.mep.go.cr/unidad-permanencia 
07/04/2023;04 de julio;Celebración del Día de Pablo Presbere: El Cacique Pablo Presbere o Suinsi, destaca su papel, en la rebelión indígena de 1710, de héroe nacional al oponerse a la sumisión y destrucción de la cultura indígena por parte de los conquistadores españoles. (Decreto N°32609);
07/17/2023;Del 17 al 21 julio;Semana de recibimiento para estudiantes y comunidad educativa;https://www.mep.go.cr/unidad-permanencia 
07/17/2023;Del 17 de Julio al 30 de noviembre ;Concurso Shoa & Derechos Humanos;Concursos | Ministerio de Educación Pública (mep.go.cr)
07/24/2023;24 de julio ;Día de la Guanacastequidad. Valoración de la identidad de la persona guanacasteca. Decreto N°33000-MEP;https://bit.ly/3ErPAEb 
07/25/2023;25 de julio ;Incorporación del Partido de Nicoya a Costa Rica (Decreto N°32609);https://bit.ly/3CGqe4l 
07/24/2023;Del 24 julio al 31 octubre ;Conversatorios técnicos regionales del Servicio de Orientación;
07/28/2023;28 de julio ;Entrega I Informe Económico Ley 7372 por parte de los centros educativos que imparten educación técnica profesional. ;
07/28/2023;28  de julio ;Entrega I Informe Económico de las Unidades Didácticas Productivas por parte de los centros educativos que imparten educación técnica profesional. ;
07/28/2023;Del 28 al 31 de julio ;Entrega de Informes Descriptivos de Logros. I semestre.;
7/29/2023;29 de julio;Día del Agente de Seguridad y Vigilancia del MEP.;
07/31/2023;Del 31 de julio al 04 de agosto ;Periodo para la evaluación a los gerentes de  proyectos de emprendimiento Junior Achievement-Ministerio de Educación Pública.;
07/31/2023;Del 31 de julio al 18 de agosto;Ejecución etapa circuital presencial, Festival Estudiantil de las Artes;
08/01/2023;Del 01 al 31 de agosto ;Ferias Circuitales de Ciencia y Tecnología;http://bitly.ws/v884 
08/01/2023;Todo el mes;Revisión y ajuste de las acciones incorporadas en los POA/PAT 2024 en las áreas de exclusión educativa, reincorporación, permanencia y éxito educativa. ;https://www.mep.go.cr/unidad-permanencia 
08/01/2023;Del 01 al 04 de Agosto ;Semana Mundial de la Lactancia Materna ;
08/02/2023;02 de agosto;Día de la Virgen de los Ángeles: celebración del día de la Patrona de Costa Rica. (Ley N°2);
08/04/2023;04 de agosto ;Fecha límite para recibir  las  solicitudes de oferta educativa  de talleres y tecnologías de colegios académicos diurnos, colegios con orientación tecnológica y liceos experimentales bilingües.;
08/07/2023;07 de agosto ;Día de la Paz firme y duradera: fecha para crear conciencia cívica sobre la significación de la paz firme y duradera para la identidad costarricense y la hermandad centroamericana. (Ley N°9598);
08/07/2023;Del 07 al 11 de agosto ;Proceso de pre matrícula de Educación Preescolar, Primaria y Secundaria;
08/07/2023;Del 07 al 11 de agosto;Encuentro de docentes de primaria  y secundaria que atienden las cooperativas escolares. ;Proceso de formación docente para mejorar el desempeño profesional
08/07/2023;Del 07 al 30 de agosto ;Ferias estudiantiles de educación técnica a nivel institucional (Expojovem, Expoingeniería, Lideres Estudiantiles).;
08/07/2023;Del 07 agosto al 24 noviembre ;Orientación Educativa y Vocacional. Fase de cierre y definición de estrategias 2023 con docentes guías y  docentes de grupo en preescolar y primaria;"https://www.mep.go.cr/sites/default/files/labor-como-docente-guia-docente-grado.pdf
08/11/2023;11 de Agosto ;Examen Final OLCOQUIM(presencial, sedes);
08/12/2023;12 de agosto;Día de las Juventudes: conmemoración para conocer y generar conciencia sobre los derechos de las personas jóvenes. (Decreto N°40551-MP-MCJ-MEP);
08/14/2023;Del 14 de agosto al 01 de setiembre ;Servicio Comunal Estudiantil. La Dirección de Vida Estudiantil remite encuesta digital sobre el tipo de proyectos que desarrolla la población estudiantil.;
08/15/2023;15 de agosto;Día de la Madre: festividad que se celebra en honor de las madres en Costa Rica.;
08/18/2023;18 de agosto ;Acto de Clausura y Premiación XVI Olimpiada Costarricense de Ciencias Biológicas 2023;www.olicocibi.una.ac.cr 
08/19/2023;19 agosto y 26 de agosto;"Ferias estudiantiles ""Producto desarrollados""  en coordinación con  Junior Achievement.";
8/20/2023;Del 20 al 26 agosto ;Semana de Integración Familiar;http://www.pgrweb.go.cr/scij/Busqueda/Normativa/Normas/nrm_norma.aspx?param1=NRM&nValor1=1&nValor2=21550&nValor3=22879&strTipM=FN 
08/21/2023;Del 21 al 31 de agosto;Inscripción etapa regional, Festival Estudiantil de las Artes;
08/23/2023;23 de agosto ;Examen final Olimpiadas Costarricense de Ciencias OLCOCI 2023;
08/24/2023;24 de agosto ;STEM Inspiring: Las ingenieras que el mundo necesita.;
08/25/2023;25 de agosto ;Entrega de Planes de Desarrollo Quinquenal por parte de los centros educativos que imparten educación técnica profesional. ;
08/25/2023;25 de agosto;Encuentro Colegial de Escritores;
08/26/2023;Del 26 al 29 agosto;Proceso de análisis de los resultados de la aplicación del Censo Intermedio por parte del Equipo UPRE ;https://www.mep.go.cr/unidad-permanencia 
08/28/2023;Del 28 al 31 de agosto ;Apelaciones Examen final OLCOCI 2023;
08/28/2023;Del 28 al 31 de agosto ;II Etapa clasificatoria de la IX Edición de la Olimpiada Costarricense de Matemática para Educación Primaria OLCOMEP- 2023.;https://recursos.mep.go.cr/olimpiadas_matematicas/ 
08/30/2023;Del 30 de agosto al 1 de setiembre ;II Eliminatoria de Olimpiadas Costarricenses de Matemática, OLCOMA, (Secundaria);
08/31/2023;31 de agosto;Día de la Cultura Afrocostarricense: Originalmente esta fecha se decretó como “Día del Negro y la Cultura Afrocostarricense”, la creación de esta conmemoración tiene el fin de visibilizar a través del quehacer educativo el aporte de la población afrocostarricense. (Ley N°9526);
08/31/2023;31 de agosto;Celebración de la Fundación de la República: En el gobierno de Dr. José María Castro Madriz, se rompe cualquier ligamen, formal e informal, con el proyecto de la República Centroamericana, declarando la República de Costa Rica, de manera independiente, y superando así la forma de organizativa de Estado.;
08/31/2023;31 de agosto ;Entrega de  modificación de  planes de desarrollo quinquenal por parte de los centros educativos que imparten educación técnica profesional. ;
09/01/2023;Del 01 al 29 de setiembre ;Ferias Regionales de Ciencia y Tecnología;http://bitly.ws/v884 
09/01/2023; Del 01 de setiembre al 20 de octubre de ;Ejecución etapa regional presencial, Festival Estudiantil de las Artes;
09/02/2023;Del 02 al 08 de setiembre ;Semana Nacional de la Biblia;http://www.pgrweb.go.cr/scij/Busqueda/Normativa/Normas/nrm_norma.aspx?param1=NRM&nValor1=1&nValor2=39122&nValor3=41241&strTipM=FN 
09/04/2023;Del 04 de 08 de setiembre ;Semana de Educación para personas jovenes y Adultas;
09/04/2023;Del 04 al 08 de setiembre;Proceso Político Electoral Estudiantil. El Comité Ejecutivo del Gobierno Estudiantil entrega el 1° informe de rendición de cuentas a la Asamblea de Representantes.;
09/08/2023;08 de setiembre ;Examen de Laboratorio OLCOQUIM (presencial);
09/11/2023;Del 11 al 15 de setiembre ;SEMANA CÍVICA. Conmemoración de las Fiestas de la Patria;https://bit.ly/3ErEcIq
09/14/2023;14 de setiembre de 2013;"Desfile de faroles; recorrido de la Antorcha de la Libertad Centroamericana en todo el territorio nacional";https://bit.ly/3CEalLH 
09/15/2023;15 de setiembre de 2013;Aniversario de la Independencia Nacional.;
09/18/2023;Del 18 al 29 de setiembre ;Ferias Regionales  de Emprendimiento Cooperativo en primaria.;
09/18/2023;Del 18 al 29 de setiembre;Tercer proceso de asesoramiento y acompañamiento a los equipos regionales y equipos institucionales de los CE priorizados de permanencia estudiantil ;https://www.mep.go.cr/unidad-permanencia 
09/23/2023;23 de setiembre ;Pasantía Olimpiada Costarricense de Ciencias OLCOCI 2023;
09/24/2023;Del 24 al 29 de setiembre;Semana Nacional del Bienestar;
09/25/2023;Del 25 al 29 de setiembre ;Final nacional de la IX Edición de la Olimpiada Costarricense de Matemática para Educación Primaria OLCOMEP- 2023.;https://recursos.mep.go.cr/olimpiadas_matematicas/ 
09/26/2023;26 de setiembre ;Evento deportivo futbol sin barreras;
09/29/2023;29 de setiembre ;Entrega Formulario  Vinculación con la Empresa y la Comunidad ( FVEC-4) por parte de los centros educativos que imparten educación técnica profesional.  ;
09/30/2023;30 de setiembre ;Clausura del mes de la Patria Conmemoracion de las Fiestas de la Patria;
10/01/2023;01 de octubre;Día Nacional e Internacional de las Personas Adultas Mayores: fecha para visibilizar e informar sobre la vejez y el envejecimiento así como difundir los derechos de las personas adultas mayores.;
10/02/2023;Del 02 al 06 de octubre ;Semana de Educación y Cultura Fiscal;
10/02/2023;Del 02 al 31 octubre;Seguimiento e implementación de acciones y estrategias para  la transición y articulación de ciclos así como las actividades pertinentes para el cierre del curso lectivo.;https://www.mep.go.cr/unidad-permanencia 
10/09/2023;Del 09 al 13 de octubre ;Segunda  Orientación Inicial PDBI;
10/09/2023;Del 09 al 13 de octubre;Encuentro Vocacional Virtual Nacional;https://orienta2.mep.go.cr/encuentro-vocacional-virtual/
10/09/2023;Del 09 octubre al 01 de diciembre ;Inicio y finalización de la práctica profesional o proyecto final del último nivel de la educación técnica.;
10/09/2023;Del 09 al 12 de octubre ;Ferias  estudiantiles de educación técnica, étapa regional (Expojovem, Expoingeniería, Lideres Estudiantiles).;
10/10/2023;10 de octubre;Día Mundial de la Salud Mental: fecha para recordar que la salud de cada personas es la sólida base para la construccíon de vidas plenas y satisfactorias. (DECRETO EJECUTIVO N° 41345-S-MTSS-MCJ-MEP-MIDEPOR);
10/12/2023;12 de octubre ;Día de las culturas: conmemoración para enaltecer el carácter pluricultural y multiétnico del pueblo costarricense. (Ley N°7426). ;https://bit.ly/3CGu4dL  
10/13/2023;13 de Octubre ;Ceremonia de Clausura OLCOQUIM 2023;
10/13/2023;13 de Octubre ;Encuentro de Empresas de Práctica Labor@.;
10/17/2023;Del 17 al 20 octubre ;II Asamblea del Consejo Regional de Vinculación con la Empresa y la Comunidad (CORVEC).    ;
10/23/2023; Del 23 al 27 de octubre;Inscripción para los Encuentros Nacionales (etapa nacional) del Festival Estudiantil de las Artes;
10/24/2023;24 de octubre ;Acto de Clausura Olimpiada Costarricense de Ciencias OLCOCI 2023;
10/26/2023;26 octubre  ;IV Encuentro virtual de mujeres en ciencia y tecnología;https://orienta2.mep.go.cr/plataformachicasteam/
10/26/2023;26 de octubre ;Programa de Entrenamiento de Actividades Motoras (MATP);
11/01/2023;Del 01 al 10 de noviembre ;Feria Nacional de Ciencia y Tecnología;http://bitly.ws/v884 
11/01/2023;Del 01 al 30 de noviembre;Encuentros nacionales del Festival Estudiantil de las Artes;
11/01/2023;Del 01 al 30 de noviembre;Verificación de prematricula al curso lectivo 2024,  de estudiantes en riesgo de exclusión y personas REINCORPORADAS durante año 2023.;https://www.mep.go.cr/unidad-permanencia 
11/06/2023;Del 06 al 24 de noviembre;Cuarto proceso de asesoramiento y acompañamiento a los equipos regionales y equipos institucionales de los CE priorizados de permanencia estudiantil. ;https://www.mep.go.cr/unidad-permanencia 
11/06/2023;Del 06 al 17 noviembre ;Ferias  estudiantiles de educación técnica, étapa nacional (Expojovem, Expoingeniería, Lideres Estudiantiles).;
11/07/2023;07 de noviembre;Día de la Democracia Costarricense: celebración con el propósito de honrar a las personas costarricenses que salieron con armas a defender el proceso electoral de 1889. (Decreto N°18).;
11/07/2023;07 de noviembre;Día de la Constitución Política: se conmemora la creación de la Constitución Política de 1949 y sus reformas (Decreto N°32609).;
11/07/2023;Del 07 al 13 de noviembre ;Semana nacional de los derechos de las personas con discapacidad;
11/10/2023;10 de noviembre ;Entrega de planes de inversión 2023 de Ley 7372, por parte de los centros educativos que imparten educación técnica profesional. ;
11/10/2023;Del 10 al 12 de noviembre ;"Campamento Fomento de Vocaciones Científicas 2023 VIII QUIMICMAP";
11/11/2023;Del 11 al 13 de noviembre ;Quimicamp (Sede por Definir);
11/13/2023;Del 13 al 15 de noviembre ;Etapa Final, Olimpiadas Costarricenses de Matemática, OLCOMA, (Secundaria);
11/13/2023;Del 13 al 24 de noviembre ;Finaliza periodo para la ejecución de los proyectos de Servicio Comunal Estudiantil;
11/15/2023;15 de noviembre ;Premiación Concurso Nacional Mi Cuento Fantástico;https://micuentofantastico.cr/ 
11/19/2023;19 de noviembre;Día de Alajuela Ciudad Palabra (Ley 10005).;
11/20/2023;20 de noviembre ;Entrega del informe final del Plan Regional para la Promoción de la Ley N°10080 y  el reglamento  Decreto Ejecutivo N°38808 - MEP población estudinatil con alto potencial alta dotación y talentos ;
11/20/2023;Del 20 de noviembre al 15 de diciembre ;Evaluación de Cooperativas Escolares a nivel nacional.;
11/21/2023;Del 21 al 30 de noviembre ;Desarrollo del periodo de actividades de repaso y reforzamiento del II periodo, como parte del andamiaje de los aprendizajes para las personas estudiantes de sexto y noveno año de la EGB y undécimo año Educación Diversificada Académica o sus equivalentes en modalidades EPJA.;
11/22/2023;22 de noviembre;Día del maestro y la maestra costarricense.;
11/23/2023;23 de noviembre al 8 de diciembre ;Desarrollo del periodo de sensibilización, acompañamiento y reforzamiento del II periodo lectivo para todos los niveles educativos, excepto sexto y noveno año de la EGB y undécimo año Educación Diversificada Académica o su equivalente en modalidades EPJA.;
11/24/2023;24 de noviembre ;Premiación de la XI OLCOMEP-2023;
11/27/2023;Del 27 al 30 noviembre;Encuentro Intrainstitucional de Buenas Prácticas  que inciden en la reducción de la exclusión educativa;https://www.mep.go.cr/unidad-permanencia 
11/27/2023;Del 27 de noviembre al 01 de diciembre;Elaboración del acta de conclusión del Servicio Comunal Estudiantil.;
11/28/2023;Del 28 de noviembre al 01 de diciembre ;Final Juegos nacionales de Olimpiadas Especiales;
11/29/2023;29 y 30 noviembre;Entrega del Informe de Notas del II periodo lectivo, sexto y noveno año de la EGB y undécimo año Educación Diversificada Académica o su equivalente en modalidades EPJA.;
11/29/2023;29 de noviembre;Inspira STEAM 2023 ;
11/30/2023;30 de noviembre ;Día Nacional de la Marimba Costarricense: Declaración de la marimba como símbolo nacional de la cultura y el folclore costarricense. (Ley N°9419).;
11/30/2023;30 de noviembre;Encuentro de experiencias BEYCRA Somos Desarrollo Sostenible 2023.;
12/01/2023;Día de la Abolición del Ejército: La abolición del ejército de Costa Rica se refiere a la supresión de todas las fuerzas armadas de Costa Rica, llevada a cabo el 1° de diciembre de 1948, tras darse por finalizada la Guerra civil de Costa Rica de 1948. (Decreto N°41444-MCJ-MEP).;Participar en las actividades que se promuevan en el centro educativo.;https://bit.ly/3CEkMif 
12/01/2023;Del 01 al 23 Diciembre;Elaboración del Informe Final de resultados de los resultados en cumplmiento a las metas planteadas en el POA 2023  relacionado  a la permanencia, reincorporación y reducción de la exclusión educativa.;https://www.mep.go.cr/unidad-permanencia 
12/02/2023;02 de diciembre;Finalización del Proyecto de los Juegos Virtuales Estudiantiles y del Programa Juegos Deportivos Estudiantiles.;
12/04/2023;Del 04 al 08 de diciembre ;Proceso de ratificación matrícula de Educación Preescolar, Primaria y Secundaria.;
12/04/2023;Del 04 al 08 de diciembre;Proceso Político Electoral Estudiantil. El Comité Ejecutivo del Gobierno Estudiantil entrega el 2° informe de rendición de cuentas a la Asamblea de Representantes.;
12/05/2023;05 de diciembre ;"Encuentro regional para la población estudiantil ""Ideas talentosas y creativas"".";
12/08/2023;08 de diciembre ;Entrega informe anual  de labores Unidades Didácticas - Productivas por parte de los centros educativos que imparten educación técnica profesional. ;
12/08/2023;08 de diciembre ;Entrega II Informe Económico de las Unidades Didácticas Productivas por parte de los centros educativos que imparten educación técnica profesional. ;
12/08/2023;08 de diciembre ;Entrega II Informe Económico Ley 7372, por parte de los centros educativos que imparten educación técnica profesional. ;
12/11/2023;Del 11 y 12 de diciembre ;Entrega de Informes Descriptivos de Logros. II semestre;
12/22/2023;22 de diciembre;Batalla de la Trinidad: Una vez reanudada la Campaña Nacional, el Ejército Expedicionario fue dividido en dos unidades: la primera conformada por 700 hombres a cargo del general José María Cañas, y la segunda llamada División de Vanguardia y formada por 200 soldados, lo hizo por las llanuras de San Carlos hacia el río San Juan. (Ley N°9178).;
01/18/2024;Del 18 al 19 de enero 2024;VII CONVI-BIOXVI Olimpiada Costarricense de Ciencias Biológicas 2023;www.olicocibi.una.ac.cr 